Title,Website,Rank
Melancholia,Vulture,1
Mad Max: Fury Road,Vulture,2
The Tree of Life,Vulture,3
The Rider,Vulture,4
A Separation,Vulture,5
Moonlight,Vulture,6
The Fits,Vulture,7
Margaret,Vulture,8
Spider-Man: Into the Spider-Verse,Vulture,9
The Florida Project,Vulture,10
Actress,Vulture,11
It’s Such a Beautiful Day,Vulture,12
Hell or High Water,Vulture,13
Parasite,Vulture,14
Under the Skin,Vulture,15
The Handmaiden,Vulture,16
Cameraperson,Vulture,17
Once Upon a Time in Hollywood,Vulture,18
Clouds of Sils Maria,Vulture,19
First Reformed,Vulture,20
Winter’s Bone,Vulture,21
Dunkirk,Vulture,22
You Were Never Really Here,Vulture,23
The Villainess,Vulture,24
Holy Motors,Vulture,25
The Social Network,Vulture,26
Timbuktu,Vulture,27
This Is Not a Film,Vulture,28
The Master,Vulture,29
Lincoln,Vulture,30
The Babadook,Vulture,31
Once Upon a Time in Anatolia,Vulture,32
Phoenix,Vulture,33
Short Term 12,Vulture,34
Two Days One Night,Vulture,35
The Favourite,Vulture,36
O J : Made in America,Vulture,37
The Act of Killing,Vulture,38
Madeline’s Madeline,Vulture,39
Mother,Vulture,40
Beginners,Vulture,41
John Wick,Vulture,42
Inside Llewyn Davis,Vulture,43
Creed,Vulture,44
Uncut Gems,Vulture,45
A Dark Song,Vulture,46
Eden,Vulture,47
My Happy Family,Vulture,48
The Irishman,Vulture,49
Toni Erdmann,Vulture,50
Ida,Vulture,51
Popstar: Never Stop Never Stopping,Vulture,52
La La Land,Vulture,53
Get Out,No Film School,-1
The Tree of Life,No Film School,-1
Spotlight,No Film School,-1
Stories We Tell,No Film School,-1
Mad Max: Fury Road,No Film School,-1
Hereditary,No Film School,-1
Paddington 2,No Film School,-1
Moneyball,No Film School,-1
Black Panther,No Film School,-1
Madeline s Madeline,No Film School,-1
Citizen Four,No Film School,-1
Boyhood,No Film School,-1
The Wolf of Wall Street,No Film School,-1
Tangerine,No Film School,-1
Francis Ha,No Film School,-1
Ex Machina,No Film School,-1
Spring Breakers,No Film School,-1
Her,No Film School,-1
Moonlight,No Film School,-1
Parasite,No Film School,-1
Melancholia,No Film School,-1
Inside Out,No Film School,-1
Thunder Road,No Film School,-1
Swiss Army Man,No Film School,-1
1917,No Film School,-1
The Art of Killing,No Film School,-1
Cameraperson,No Film School,-1
The Revenant,No Film School,-1
Inception,No Film School,-1
Roma,No Film School,-1
Foxtrot,No Film School,-1
Django Unchained,No Film School,-1
Inside Llewyn Davis,No Film School,-1
Drive,No Film School,-1
Skyfall,No Film School,-1
The Social Network,No Film School,-1
Moana,No Film School,-1
The Witch,No Film School,-1
Nocturnal Animals  ,Insider,100
Free Solo  ,Insider,99
Creed  ,Insider,98
Deadpool  ,Insider,97
Interstellar  ,Insider,96
Take Shelter  ,Insider,95
Guardians of the Galaxy  ,Insider,94
Django Unchained  ,Insider,93
Phoenix  ,Insider,92
The Revenant  ,Insider,91
Booksmart  ,Insider,90
Scott Pilgrim vs  the World  ,Insider,89
John Wick  ,Insider,88
Gravity  ,Insider,87
Zero Dark Thirty  ,Insider,86
The Conjuring  ,Insider,85
Your Name  ,Insider,84
What We Do in the Shadows  ,Insider,83
Snowpiercer  ,Insider,82
Spring Breakers  ,Insider,81
Room  ,Insider,80
Skyfall  ,Insider,79
Toy Story 3  ,Insider,78
The Farewell  ,Insider,77
Train to Busan  ,Insider,76
Coco  ,Insider,75
Sing Street  ,Insider,74
Avengers: Endgame  ,Insider,73
The Babadook  ,Insider,72
Selma  ,Insider,71
Amour  ,Insider,70
Shoplifters  ,Insider,69
Sorry to Bother You  ,Insider,68
Logan  ,Insider,67
Spotlight  ,Insider,66
The Favourite  ,Insider,65
A Quiet Place  ,Insider,64
Bridesmaids  ,Insider,63
Prisoners  ,Insider,62
The Great Beauty  ,Insider,61
A Separation  ,Insider,60
Star Wars: The Last Jedi  ,Insider,59
First Man  ,Insider,58
If Beale Street Could Talk  ,Insider,57
The Big Short  ,Insider,56
Tangerine  ,Insider,55
Minding the Gap  ,Insider,54
Upstream Color  ,Insider,53
Short Term 12  ,Insider,52
Carol  ,Insider,51
A Star Is Born  ,Insider,50
The Shape of Water  ,Insider,49
Burning  ,Insider,48
Brooklyn  ,Insider,47
Gone Girl  ,Insider,46
12 Years a Slave  ,Insider,45
Once Upon a Time   in Hollywood  ,Insider,44
Inside Out  ,Insider,43
Before Midnight  ,Insider,42
The Handmaiden  ,Insider,41
Good Time  ,Insider,40
Birdman  ,Insider,39
O.J.: Made in America,Insider,38
Blade Runner 2049  ,Insider,37
Moonrise Kingdom  ,Insider,36
The Wolf of Wall Street  ,Insider,35
Black Panther  ,Insider,34
The Act of Killing  ,Insider,33
La La Land  ,Insider,32
Phantom Thread  ,Insider,31
Arrival  ,Insider,30
Hereditary  ,Insider,29
Parasite  ,Insider,28
Whiplash  ,Insider,27
Paddington 2  ,Insider,26
Ex Machina  ,Insider,25
Inception  ,Insider,24
Drive  ,Insider,23
Roma  ,Insider,22
Mother!  ,Insider,21
The Grand Budapest Hotel  ,Insider,20
First Reformed  ,Insider,19
Nightcrawler  ,Insider,18
Dunkirk  ,Insider,17
Black Swan  ,Insider,16
The Tree of Life  ,Insider,15
Her  ,Insider,14
Inside Llewyn Davis  ,Insider,13
The Master  ,Insider,12
Frances Ha  ,Insider,11
Call Me by Your Name  ,Insider,10
Eighth Grade  ,Insider,9
Spider-Man: Into the Spider-Verse  ,Insider,8
The Florida Project  ,Insider,7
The Social Network  ,Insider,6
Lady Bird  ,Insider,5
Mad Max: Fury Road  ,Insider,4
Boyhood  ,Insider,3
Moonlight  ,Insider,2
Get Out ,Insider,1
Once Upon a Time in Hollywood,GamesRadar,100
A Girl Walks Home Alone At Night    ,GamesRadar,99
The Shape of Water    ,GamesRadar,98
Booksmart    ,GamesRadar,97
Senna    ,GamesRadar,96
Attack The Block    ,GamesRadar,95
BPM    ,GamesRadar,94
Scott Pilgrim Vs  The World    ,GamesRadar,93
Dredd    ,GamesRadar,92
Mother    ,GamesRadar,91
Youth    ,GamesRadar,90
The Wailing    ,GamesRadar,89
Sicario    ,GamesRadar,88
Brooklyn    ,GamesRadar,87
Mission: Impossible – Fallout    ,GamesRadar,86
Star Wars: The Last Jedi    ,GamesRadar,85
Paddington 2    ,GamesRadar,84
Leave No trace    ,GamesRadar,83
Burning    ,GamesRadar,82
Inherent Vice    ,GamesRadar,81
Once Upon A Time In Anatolia    ,GamesRadar,80
The Turin Horse    ,GamesRadar,79
A Quiet Place    ,GamesRadar,78
Before Midnight    ,GamesRadar,77
The Wolf of Wall Street    ,GamesRadar,76
Monsters    ,GamesRadar,75
Ida    ,GamesRadar,74
The Great Beauty    ,GamesRadar,73
Beasts of the Southern Wild    ,GamesRadar,72
Cold War    ,GamesRadar,71
Thor: Ragnarok   ,GamesRadar,70
Roma   ,GamesRadar,69
Coco   ,GamesRadar,68
12 Years A Slave   ,GamesRadar,67
Uncle Boonmee Who Can Recall His Past Lives   ,GamesRadar,66
Guardians of the Galaxy   ,GamesRadar,65
The Favourite   ,GamesRadar,64
Birdman   ,GamesRadar,63
The Artist   ,GamesRadar,62
Inside Llewyn Davis   ,GamesRadar,61
The Lobster   ,GamesRadar,60
The Lost City of Z   ,GamesRadar,59
Captain America: The Winter Soldier   ,GamesRadar,58
You Were Never Really Here   ,GamesRadar,57
The Master   ,GamesRadar,56
Spider-Man: Into the Spider-Verse   ,GamesRadar,55
Shame   ,GamesRadar,54
Toy Story 3   ,GamesRadar,53
Four Lions   ,GamesRadar,52
Moonlight   ,GamesRadar,51
Room   ,GamesRadar,50
Skyfall   ,GamesRadar,49
The Dark Knight Rises   ,GamesRadar,48
Looper   ,GamesRadar,47
Nocturama   ,GamesRadar,46
Columbus   ,GamesRadar,45
American Honey   ,GamesRadar,44
Carlos   ,GamesRadar,43
The Revenant   ,GamesRadar,42
Eighth Grade   ,GamesRadar,41
Toni Erdmann   ,GamesRadar,40
Kill List   ,GamesRadar,39
Carol   ,GamesRadar,38
Lady Bird   ,GamesRadar,37
Get Out   ,GamesRadar,36
Joker   ,GamesRadar,35
Amour   ,GamesRadar,34
Avengers: Infinity War   ,GamesRadar,33
Blue Valentine    ,GamesRadar,32
Blue Is The Warmest Colour    ,GamesRadar,31
The Grand Budapest Hotel   ,GamesRadar,30
The Social Network   ,GamesRadar,29
The Babadook   ,GamesRadar,28
Hereditary   ,GamesRadar,27
Interstellar    ,GamesRadar,26
Ex Machina,GamesRadar,25
Blade Runner 2049   ,GamesRadar,24
Nightcrawler   ,GamesRadar,23
It Follows   ,GamesRadar,22
Bridesmaids   ,GamesRadar,21
Drive   ,GamesRadar,20
Call Me By Your Name   ,GamesRadar,19
Zero Dark Thirty   ,GamesRadar,18
Frances Ha   ,GamesRadar,17
Gravity   ,GamesRadar,16
Star Wars: The Force Awakens,GamesRadar,15
The Raid   ,GamesRadar,14
Phantom Thread   ,GamesRadar,13
Black Swan   ,GamesRadar,12
Son of Saul   ,GamesRadar,11
Dunkirk   ,GamesRadar,10
Arrival   ,GamesRadar,9
Inside Out   ,GamesRadar,8
The Tree of Life   ,GamesRadar,7
Mad Max: Fury Road   ,GamesRadar,6
Under The Skin   ,GamesRadar,5
Boyhood   ,GamesRadar,4
Whiplash   ,GamesRadar,3
La La Land   ,GamesRadar,2
Inception   ,GamesRadar,1
Miss Bala,AVClub,101
The Immigrant,AVClub,100
The Comedy,AVClub,99
Uncle Boonmee Who Can Recall His Past Lives,AVClub,98
Bridesmaids,AVClub,97
Cameraperson,AVClub,96
The Turin Horse,AVClub,95
Creed,AVClub,94
Uncut Gems,AVClub,93
The Arbor,AVClub,92
High Life,AVClub,91
Carol,AVClub,90
Drug War,AVClub,89
Weekend,AVClub,88
The Lost City Of Z,AVClub,87
Happy Hour,AVClub,86
Tangerine,AVClub,85
Gone Girl,AVClub,84
You Were Never Really Here,AVClub,83
Spring Breakers,AVClub,82
Hereditary,AVClub,81
Hell Or High Water,AVClub,80
Shoplifters,AVClub,79
Paddington 2,AVClub,78
Zero Dark Thirty,AVClub,77
Mudbound,AVClub,76
Minding The Gap,AVClub,75
Stranger By The Lake,AVClub,74
Computer Chess,AVClub,73
Mustang,AVClub,72
Tabu,AVClub,71
The Witch,AVClub,70
American Honey,AVClub,69
12 Years A Slave,AVClub,68
Force Majeure,AVClub,67
Right Now  Wrong Then,AVClub,66
Spider-Man: Into The Spiderverse,AVClub,65
Eighth Grade,AVClub,64
The Loneliest Planet,AVClub,63
Inside Out,AVClub,62
The Favourite,AVClub,61
Support The Girls,AVClub,60
A Ghost Story,AVClub,59
Drive,AVClub,58
Inception,AVClub,57
Her Smell,AVClub,56
La La Land,AVClub,55
The Lobster,AVClub,54
Parasite,AVClub,53
Her,AVClub,52
Amour,AVClub,51
Call Me By Your Name,AVClub,50
Paterson,AVClub,49
It Follows,AVClub,48
Arrival,AVClub,47
Moonrise Kingdom,AVClub,46
Green Room,AVClub,45
Marriage Story,AVClub,44
Leviathan,AVClub,43
Magic Mike XXL,AVClub,42
Elle,AVClub,41
Once Upon A Time… In Hollywood,AVClub,40
Everyone Else,AVClub,39
Whiplash,AVClub,38
Upstream Color,AVClub,37
Get Out,AVClub,36
The Duke Of Burgundy,AVClub,35
Roma,AVClub,34
Burning,AVClub,33
Winter’s Bone,AVClub,32
Before Midnight,AVClub,31
Dogtooth,AVClub,30
Melancholia,AVClub,29
The Handmaiden,AVClub,28
Phoenix,AVClub,27
Two Days  One Night,AVClub,26
The Wolf Of Wall Street,AVClub,25
Toni Erdmann,AVClub,24
First Reformed,AVClub,23
Nocturama,AVClub,22
Meek’s Cutoff,AVClub,21
Margaret,AVClub,20
Certified Copy,AVClub,19
The Grand Budapest Hotel,AVClub,18
Inside Llewyn Davis,AVClub,17
The Act Of Killing,AVClub,15
The Look Of Silence,AVClub,15
Holy Motors,AVClub,14
Boyhood,AVClub,13
Manchester By The Sea,AVClub,12
Under The Skin,AVClub,11
Lady Bird,AVClub,10
Phantom Thread,AVClub,9
Frances Ha,AVClub,8
The Florida Project,AVClub,7
Moonlight,AVClub,6
The Tree Of Life,AVClub,5
A Separation,AVClub,4
The Social Network,AVClub,3
The Master,AVClub,2
Mad Max: Fury Road,AVClub,1
Paddington 2,Esquire,10
Moonlight,Esquire,9
The Handmaiden,Esquire,8
The Lobster,Esquire,7
Once Upon a Time...in Hollywood,Esquire,6
Whiplash,Esquire,5
Call Me By Your Name,Esquire,4
Mad Max: Fury Road,Esquire,3
Before Midnight,Esquire,2
The Social Network,Esquire,1
The Wolf of Wall Street,New Yorker,27
Madeline’s Madeline,New Yorker,26
Get Out,New Yorker,25
An Elephant Sitting Still,New Yorker,24
Did You Wonder Who Fired the Gun?,New Yorker,23
The Future,New Yorker,22
Margaret,New Yorker,21
The Grand Budapest Hotel,New Yorker,20
Somewhere,New Yorker,19
Li’l Quinquin,New Yorker,18
Film Socialisme,New Yorker,17
An Oversimplification of Her Beauty,New Yorker,16
Holy Motors,New Yorker,15
Coma,New Yorker,14
Red Hook Summer,New Yorker,13
Zama,New Yorker,12
Moonlight,New Yorker,11
The Mule,New Yorker,10
It Felt Like Love,New Yorker,9
The Last of the Unjust,New Yorker,8
In Jackson Heights,New Yorker,7
A Ghost Story,New Yorker,6
A Screaming Man,New Yorker,5
A Quiet Passion,New Yorker,4
Taxi,New Yorker,3
Let the Sunshine In,New Yorker,2
Infinite Football,New Yorker,1
Manuscripts Don t Burn (2013),The Stacker,100
The Arbor (2010),The Stacker,99
A Film Unfinished (2010),The Stacker,98
Selma (2014),The Stacker,97
Blue Is the Warmest Color (2013),The Stacker,96
 The King s Speech (2010) ,The Stacker,95
Inside Job (2010),The Stacker,94
Western (2015),The Stacker,93
Zama (2017),The Stacker,92
Elle (2016),The Stacker,91
 Long Day s Journey Into Night (2018) ,The Stacker,90
Columbus (2017),The Stacker,89
Uncertain (2015),The Stacker,88
National Gallery (2014),The Stacker,87
Phoenix (2014),The Stacker,86
Two Days One Night (2014),The Stacker,85
The Overnighters (2014),The Stacker,84
Eighth Grade (2018),The Stacker,83
The Artist (2011),The Stacker,82
The Farewell (2019),The Stacker,81
The Tale of The Princess Kaguya (2013),The Stacker,80
Gangs of Wasseypur (2012),The Stacker,79
Dead Souls (2018),The Stacker,78
The Fits (2015),The Stacker,77
Hard to Be a God (2013),The Stacker,76
Big Men (2013),The Stacker,75
My Perestroika (2010),The Stacker,74
Winter s Bone (2010),The Stacker,73
American Hustle (2013),The Stacker,72
I Called Him Morgan (2016),The Stacker,71
The Tale (2018),The Stacker,70
Paterson (2016),The Stacker,69
Paths of the Soul (2015),The Stacker,68
This Is Not a Film (2011),The Stacker,67
Phantom Thread (2017),The Stacker,66
Burning (2018),The Stacker,65
Cold War (2018),The Stacker,64
The Favourite (2018),The Stacker,63
Gett: The Trial of Viviane Amsalem (2014),The Stacker,62
A Prophet (2009),The Stacker,61
Her (2013),The Stacker,60
Minding the Gap (2018),The Stacker,59
Mad Max: Fury Road (2015),The Stacker,58
The Act of Killing (2012),The Stacker,57
 It s Such a Beautiful Day (2012) ,The Stacker,56
For Sama (2019),The Stacker,55
Gavagai (2016),The Stacker,54
A Bread Factory Part One & Part Two (2018),The Stacker,53
Taxi (2015),The Stacker,52
Ida (2013),The Stacker,51
Ex Libris: The New York Public Library (2017),The Stacker,50
Stories We Tell (2012),The Stacker,49
Son of Saul (2015),The Stacker,48
Nostalgia for the Light (2010),The Stacker,47
The Gatekeepers (2012),The Stacker,46
Uncut Gems (2019),The Stacker,45
They Shall Not Grow Old (2018),The Stacker,44
The Souvenir (2019),The Stacker,43
Timbuktu (2014),The Stacker,42
The Rider (2017),The Stacker,41
Leviathan (2014),The Stacker,40
The Florida Project (2017),The Stacker,39
Tower (2016),The Stacker,38
One More Time with Feeling (2016),The Stacker,37
The Look of Silence (2014),The Stacker,36
Toy Story 3 (2010),The Stacker,35
Toni Erdmann (2016),The Stacker,34
Inside Llewyn Davis (2013),The Stacker,33
Sherpa (2015),The Stacker,32
Shoah: Four Sisters (2018),The Stacker,31
Call Me By Your Name (2017),The Stacker,30
Shoplifters (2018),The Stacker,29
La La Land (2016),The Stacker,28
Spotlight (2015),The Stacker,27
Portrait of a Lady on Fire (2019),The Stacker,26
Mr. Turner (2014),The Stacker,25
45 Years (2015),The Stacker,24
Lady Bird (2017),The Stacker,23
Amazing Grace (2018),The Stacker,22
Carlos (2010),The Stacker,21
We Were Here (2011),The Stacker,20
Faces Places (2017),The Stacker,19
Amour (2012),The Stacker,18
Before Midnight (2013),The Stacker,17
Dunkirk (2017),The Stacker,16
Marriage Story (2019),The Stacker,15
Inside Out (2015),The Stacker,14
Carol (2015),The Stacker,13
Zero Dark Thirty (2012),The Stacker,12
The Social Network (2010),The Stacker,11
I Am Not Your Negro (2016),The Stacker,10
A Separation (2011),The Stacker,9
Parasite (2019),The Stacker,8
The Irishman (2019),The Stacker,7
Gravity (2013),The Stacker,6
Roma (2018),The Stacker,5
Manchester by the Sea (2016),The Stacker,4
12 Years a Slave (2013),The Stacker,3
Moonlight (2016),The Stacker,2
Boyhood (2014),The Stacker,1
Princess Cyd,Vanity Fair - Richard Lawson,10
Weekend,Vanity Fair - Richard Lawson,9
Force Majeure,Vanity Fair - Richard Lawson,8
Eden,Vanity Fair - Richard Lawson,7
Get Out,Vanity Fair - Richard Lawson,6
Parasite,Vanity Fair - Richard Lawson,5
Melancholia,Vanity Fair - Richard Lawson,4
Dawson City: Frozen Time,Vanity Fair - Richard Lawson,3
Phantom Thread,Vanity Fair - Richard Lawson,2
Mad Max: Fury Road,Vanity Fair - Richard Lawson,1
Inside Llewyn Davis (2013),Uproxx,-1
Get Out (2017),Uproxx,-1
The Social Network (2010),Uproxx,-1
12 Years a Slave (2013),Uproxx,-1
Mad Max: Fury Road (2015),Uproxx,-1
OJ: Made in America (2016),Uproxx,-1
Roma (2018),Uproxx,-1
John Wick (2014),Uproxx,-1
Once Upon a Time in Hollywood (2019),Uproxx,-1
Moonlight (2016),Uproxx,-1
Mission Impossible: Fallout (2018),Uproxx,-1
Selma (2014),Uproxx,-1
Wonder Woman (2017),Uproxx,-1
Star Wars: The Last Jedi (2017),Uproxx,-1
Ex Machina (2015),Uproxx,-1
Black Panther (2018),Uproxx,-1
La La Land (2016),Uproxx,-1
Lady Bird (2017),Uproxx,-1
Sorry to Bother You (2018),Uproxx,-1
Snowpiercer (2013),Uproxx,-1
Drive (2011),Uproxx,-1
12 Years a Slave,Rotten Tomatoes,-1
20 Feet From Stardom,Rotten Tomatoes,-1
45 Years,Rotten Tomatoes,-1
All Is Lost,Rotten Tomatoes,-1
Amazing Grace,Rotten Tomatoes,-1
American Hustle,Rotten Tomatoes,-1
Amy,Rotten Tomatoes,-1
Anomalisa,Rotten Tomatoes,-1
Ant-Man and the Wasp,Rotten Tomatoes,-1
Apollo 11,Rotten Tomatoes,-1
Argo,Rotten Tomatoes,-1
Arrival,Rotten Tomatoes,-1
Ash Is Purest White,Rotten Tomatoes,-1
The Artist,Rotten Tomatoes,-1
Avengers: Endgame,Rotten Tomatoes,-1
Avengers: Infinity War,Rotten Tomatoes,-1
The Babadook,Rotten Tomatoes,-1
Baby Driver,Rotten Tomatoes,-1
A Beautiful Day in the Neighborhood,Rotten Tomatoes,-1
Before Midnight,Rotten Tomatoes,-1
The Big Sick,Rotten Tomatoes,-1
Birdman,Rotten Tomatoes,-1
Birds of Passage (Pájaros de verano),Rotten Tomatoes,-1
Black Panther,Rotten Tomatoes,-1
Blackfish,Rotten Tomatoes,-1
BlacKkKlansman,Rotten Tomatoes,-1
Blade Runner 2049,Rotten Tomatoes,-1
Booksmart,Rotten Tomatoes,-1
Boyhood,Rotten Tomatoes,-1
BPM (Beats Per Minute) (120 battements par minute),Rotten Tomatoes,-1
Bridge of Spies,Rotten Tomatoes,-1
Brooklyn,Rotten Tomatoes,-1
Bumblebee,Rotten Tomatoes,-1
Burning (Beoning),Rotten Tomatoes,-1
Call Me by Your Name,Rotten Tomatoes,-1
Cameraperson,Rotten Tomatoes,-1
Can You Ever Forgive Me?,Rotten Tomatoes,-1
Captain America: Civil War,Rotten Tomatoes,-1
Captain Phillips,Rotten Tomatoes,-1
Carol,Rotten Tomatoes,-1
Coco,Rotten Tomatoes,-1
Crazy Rich Asians,Rotten Tomatoes,-1
Creed,Rotten Tomatoes,-1
Dallas Buyers Club,Rotten Tomatoes,-1
Dawn Of The Planet Of The Apes,Rotten Tomatoes,-1
The Death of Stalin,Rotten Tomatoes,-1
The Disaster Artist,Rotten Tomatoes,-1
Doctor Strange,Rotten Tomatoes,-1
Dolemite Is My Name,Rotten Tomatoes,-1
 Don t Think Twice ,Rotten Tomatoes,-1
Dunkirk,Rotten Tomatoes,-1
Eighth Grade,Rotten Tomatoes,-1
Ex Machina,Rotten Tomatoes,-1
Eye In The Sky,Rotten Tomatoes,-1
Faces Places (Visages villages),Rotten Tomatoes,-1
A Fantastic Woman (Una mujer fantástica),Rotten Tomatoes,-1
The Farewell,Rotten Tomatoes,-1
The Favourite,Rotten Tomatoes,-1
Fighting with My Family,Rotten Tomatoes,-1
Finding Dory,Rotten Tomatoes,-1
First Man,Rotten Tomatoes,-1
First Reformed,Rotten Tomatoes,-1
The Florida Project,Rotten Tomatoes,-1
Ford v Ferrari,Rotten Tomatoes,-1
Free Solo,Rotten Tomatoes,-1
Get Out,Rotten Tomatoes,-1
A Ghost Story,Rotten Tomatoes,-1
Gloria,Rotten Tomatoes,-1
The Grand Budapest Hotel,Rotten Tomatoes,-1
Gravity,Rotten Tomatoes,-1
Guardians of the Galaxy,Rotten Tomatoes,-1
The Guilty (Den skyldige),Rotten Tomatoes,-1
The Handmaiden (Ah-ga-ssi),Rotten Tomatoes,-1
Harry Potter and the Deathly Hallows - Part 2,Rotten Tomatoes,-1
The Hate U Give,Rotten Tomatoes,-1
Hell or High Water,Rotten Tomatoes,-1
Her,Rotten Tomatoes,-1
Hereditary,Rotten Tomatoes,-1
Hidden Figures,Rotten Tomatoes,-1
Honeyland,Rotten Tomatoes,-1
How to Train Your Dragon,Rotten Tomatoes,-1
Hunt for the Wilderpeople,Rotten Tomatoes,-1
Hustlers,Rotten Tomatoes,-1
I Am Not Your Negro,Rotten Tomatoes,-1
I Tonya,Rotten Tomatoes,-1
If Beale Street Could Talk,Rotten Tomatoes,-1
Incredibles 2,Rotten Tomatoes,-1
Inside Llewyn Davis,Rotten Tomatoes,-1
Inside Out,Rotten Tomatoes,-1
The Irishman,Rotten Tomatoes,-1
Isle of Dogs,Rotten Tomatoes,-1
It Follows,Rotten Tomatoes,-1
John Wick: Chapter 3 - Parabellum,Rotten Tomatoes,-1
The Jungle Book,Rotten Tomatoes,-1
Kedi,Rotten Tomatoes,-1
 The King s Speech ,Rotten Tomatoes,-1
Knives Out,Rotten Tomatoes,-1
Kubo and the Two Strings,Rotten Tomatoes,-1
La La Land,Rotten Tomatoes,-1
Lady Bird,Rotten Tomatoes,-1
Leave No Trace,Rotten Tomatoes,-1
The LEGO Movie,Rotten Tomatoes,-1
Leviathan,Rotten Tomatoes,-1
Life Itself,Rotten Tomatoes,-1
The Lighthouse,Rotten Tomatoes,-1
Live Die Repeat: Edge of Tomorrow,Rotten Tomatoes,-1
Logan,Rotten Tomatoes,-1
Logan Lucky,Rotten Tomatoes,-1
Looper,Rotten Tomatoes,-1
Love & Friendship,Rotten Tomatoes,-1
Lucky,Rotten Tomatoes,-1
Mad Max: Fury Road,Rotten Tomatoes,-1
Maiden,Rotten Tomatoes,-1
Manchester by the Sea,Rotten Tomatoes,-1
Marriage Story,Rotten Tomatoes,-1
The Martian,Rotten Tomatoes,-1
 Marvel s The Avengers ,Rotten Tomatoes,-1
McQueen,Rotten Tomatoes,-1
Minding the Gap,Rotten Tomatoes,-1
Mission: Impossible - Fallout,Rotten Tomatoes,-1
Mission: Impossible Rogue Nation,Rotten Tomatoes,-1
Moana,Rotten Tomatoes,-1
Moonlight,Rotten Tomatoes,-1
Mr. Turner,Rotten Tomatoes,-1
Mud,Rotten Tomatoes,-1
Mudbound,Rotten Tomatoes,-1
Mustang,Rotten Tomatoes,-1
My Life as a Zucchini (Ma vie de courgette),Rotten Tomatoes,-1
The Nice Guys,Rotten Tomatoes,-1
Nightcrawler,Rotten Tomatoes,-1
The Old Man & the Gun,Rotten Tomatoes,-1
Once Upon a Time In Hollywood,Rotten Tomatoes,-1
Paddington,Rotten Tomatoes,-1
Paddington 2,Rotten Tomatoes,-1
Pain and Glory (Dolor y gloria),Rotten Tomatoes,-1
Parasite (Gisaengchung),Rotten Tomatoes,-1
Paterson,Rotten Tomatoes,-1
The Peanut Butter Falcon,Rotten Tomatoes,-1
Phantom Thread,Rotten Tomatoes,-1
Phoenix,Rotten Tomatoes,-1
Portrait of a Lady on Fire (Portrait de la jeune fille en feu),Rotten Tomatoes,-1
The Post,Rotten Tomatoes,-1
A Quiet Place,Rotten Tomatoes,-1
Rocketman,Rotten Tomatoes,-1
Roma,Rotten Tomatoes,-1
Room,Rotten Tomatoes,-1
The Rider,Rotten Tomatoes,-1
The Salesman (Forushande),Rotten Tomatoes,-1
Searching,Rotten Tomatoes,-1
Selma,Rotten Tomatoes,-1
A Separation,Rotten Tomatoes,-1
The Shape of Water,Rotten Tomatoes,-1
Shaun the Sheep Movie,Rotten Tomatoes,-1
Shazam!,Rotten Tomatoes,-1
Shoplifters (Manbiki kazoku),Rotten Tomatoes,-1
Short Term 12,Rotten Tomatoes,-1
Sicario,Rotten Tomatoes,-1
Sing Street,Rotten Tomatoes,-1
Skyfall,Rotten Tomatoes,-1
Snowpiercer,Rotten Tomatoes,-1
The Social Network,Rotten Tomatoes,-1
Son of Saul,Rotten Tomatoes,-1
Sorry to Bother You,Rotten Tomatoes,-1
Spider-Man: Far From Home,Rotten Tomatoes,-1
Spider-Man: Homecoming,Rotten Tomatoes,-1
Spider-Man: Into the Spider-Verse,Rotten Tomatoes,-1
Spotlight,Rotten Tomatoes,-1
Spy,Rotten Tomatoes,-1
Stan & Ollie,Rotten Tomatoes,-1
A Star Is Born,Rotten Tomatoes,-1
Star Wars: Episode VII - The Force Awakens,Rotten Tomatoes,-1
Star Wars: The Last Jedi,Rotten Tomatoes,-1
Starred Up,Rotten Tomatoes,-1
Summer 1993 (Estiu 1993),Rotten Tomatoes,-1
The Tale of the Princess Kaguya,Rotten Tomatoes,-1
They Shall Not Grow Old,Rotten Tomatoes,-1
 Things to Come (Lavenir) ,Rotten Tomatoes,-1
Thor: Ragnarok,Rotten Tomatoes,-1
Three Billboards Outside Ebbing Missouri,Rotten Tomatoes,-1
Three Identical Strangers,Rotten Tomatoes,-1
Tower,Rotten Tomatoes,-1
Toy Story 3,Rotten Tomatoes,-1
Toy Story 4,Rotten Tomatoes,-1
True Grit,Rotten Tomatoes,-1
Two Days One Night,Rotten Tomatoes,-1
Us,Rotten Tomatoes,-1
Wadjda,Rotten Tomatoes,-1
War for the Planet of the Apes,Rotten Tomatoes,-1
Weiner,Rotten Tomatoes,-1
What We Do In The Shadows,Rotten Tomatoes,-1
Whiplash,Rotten Tomatoes,-1
Widows,Rotten Tomatoes,-1
The Witch,Rotten Tomatoes,-1
Wildlife,Rotten Tomatoes,-1
 Won t You Be My Neighbor? ,Rotten Tomatoes,-1
Wonder Woman,Rotten Tomatoes,-1
X-Men: Days of Future Past,Rotten Tomatoes,-1
Your Name. (Kimi No Na Wa.),Rotten Tomatoes,-1
Zero Dark Thirty,Rotten Tomatoes,-1
Zootopia,Rotten Tomatoes,-1
The Cabin in the Woods,SlashFilm,10
The Grand Budapest Hotel,SlashFilm,9
Green Room,SlashFilm,8
Arrival,SlashFilm,7
Star Wars: The Last Jedi,SlashFilm,6
Spider-Man: Into the Spider-Verse,SlashFilm,5
Parasite,SlashFilm,4
Get Out,SlashFilm,3
Mad Max: Fury Road,SlashFilm,2
Inside Llewyn Davis,SlashFilm,1
The Social Network,GQ,-1
The Handmaiden,GQ,-1
Phantom Thread,GQ,-1
Bridesmaids,GQ,-1
Arrival,GQ,-1
Lady Bird,GQ,-1
Spider-Man: Into the Spider-Verse,GQ,-1
Moonlight,GQ,-1
Call Me By Your Name,GQ,-1
Parasite,GQ,-1
Uncut Gems,GQ,-1
First Reformed,GQ,-1
Inside Llewyn Davis,GQ,-1
Widows,GQ,-1
The Favourite,GQ,-1
Toni Erdmann,GQ,-1
Mad Max: Fury Road,GQ,-1
Minding the Gap,GQ,-1
Black Panther,GQ,-1
Shirkers,GQ,-1
The Wolf of Wall Street,GQ,-1
Inception,GQ,-1
Hereditary,GQ,-1
Coco,GQ,-1
Get Out,GQ,-1
Carlos (2010),Hollywood Reporter,1
The Social Network (2010),Hollywood Reporter,2
Inside Llewyn Davis (2013),Hollywood Reporter,3
Only Lovers Left Alive (2014),Hollywood Reporter,4
The Handmaiden (2016),Hollywood Reporter,5
Leviathan (2014),Hollywood Reporter,6
Once Upon a Time in Hollywood (2019),Hollywood Reporter,7
Brooklyn (2015),Hollywood Reporter,8
Mad Max: Fury Road (2015),Hollywood Reporter,9
The Gatekeepers (2012),Hollywood Reporter,10
Get Out (2017),Redbook,-1
Frozen (2013),Redbook,-1
The Avengers (2012),Redbook,-1
Mad Max: Fury Road (2015),Redbook,-1
Call Me By Your Name (2017),Redbook,-1
Bridesmaids (2011),Redbook,-1
Spotlight (2015),Redbook,-1
Lady Bird (2017),Redbook,-1
Moonlight (2016),Redbook,-1
Guardians of the Galaxy (2014),Redbook,-1
The Social Network (2010),Redbook,-1
La La Land (2016),Redbook,-1
Roma (2018),Redbook,-1
Wonder Woman (2017),Redbook,-1
Inception (2010),Redbook,-1
The Wolf Of Wall Street (2013),Redbook,-1
Black Panther (2018),Redbook,-1
The Favourite (2018),Redbook,-1
Star Wars: The Force Awakens (2015),Redbook,-1
Boyhood (2014),Redbook,-1
The Act of Killing: Director’s Cut,Vanity Fair - Austin Collin ,1
Carol,Vanity Fair - Austin Collin ,2
The Day He Arrives,Vanity Fair - Austin Collin ,3
Did You Wonder Who Fired the Gun?,Vanity Fair - Austin Collin ,4
Drug War,Vanity Fair - Austin Collin ,5
Field Niggas,Vanity Fair - Austin Collin ,6
Frances Ha,Vanity Fair - Austin Collin ,7
The Future,Vanity Fair - Austin Collin ,8
Gone Girl,Vanity Fair - Austin Collin ,9
Happy Hour,Vanity Fair - Austin Collin ,10
Heaven Knows What,Vanity Fair - Austin Collin ,11
In Jackson Heights,Vanity Fair - Austin Collin ,12
Inside Llewyn Davis,Vanity Fair - Austin Collin ,13
It Felt Like Love,Vanity Fair - Austin Collin ,14
Leviathan,Vanity Fair - Austin Collin ,15
Like Someone in Love,Vanity Fair - Austin Collin ,16
Mad Max: Fury Road,Vanity Fair - Austin Collin ,17
Margaret,Vanity Fair - Austin Collin ,18
The Master,Vanity Fair - Austin Collin ,19
The Missing Picture,Vanity Fair - Austin Collin ,20
Moonlight,Vanity Fair - Austin Collin ,21
Sunset Song,Vanity Fair - Austin Collin ,22
Timbuktu,Vanity Fair - Austin Collin ,23
A Touch of Sin,Vanity Fair - Austin Collin ,24
The Tree of Life,Vanity Fair - Austin Collin ,25
Universal Soldier: Day of Reckoning,Vanity Fair - Austin Collin ,26
Unstoppable,Vanity Fair - Austin Collin ,27
Upstream Color,Vanity Fair - Austin Collin ,28
The Wind Rises,Vanity Fair - Austin Collin ,29
The Wolf of Wall Street,Vanity Fair - Austin Collin ,30
Moonlight,IndieWire,1
Under The Skin,IndieWire,2
Certified Copy,IndieWire,3
The Act of Killing: Director’s Cut,IndieWire,4
Inside Llewyn Davis,IndieWire,5
Holy Motors,IndieWire,6
Carol,IndieWire,7
The Master,IndieWire,8
Mad Max: Fury Road,IndieWire,9
Lady Bird,IndieWire,10
The Wolf of Wall Street,IndieWire,11
Uncle Boonmee Who Can Recall His Past Lives,IndieWire,12
The Tree of Life,IndieWire,13
Leviathan,IndieWire,14
Dogtooth,IndieWire,15
The Social Network,IndieWire,16
World of Tomorrow,IndieWire,17
Call Me By Your Name,IndieWire,18
Toni Erdmann,IndieWire,19
Phantom Thread,IndieWire,20
Get Out,IndieWire,21
Burning,IndieWire,22
O.J.: Made In America,IndieWire,23
Boyhood (2014),IndieWire,24
Amour (2012),IndieWire,25
Somewhere,Time,-1
Cave of Forgotten Dreams,Time,-1
Melancholia,Time,-1
Before Midnight,Time,-1
Phoenix,Time,-1
John Wick,Time,-1
Selma,Time,-1
Moonlight,Time,-1
The Lost City of Z,Time,-1
Roma,Time,-1
Hell Or High Water,Entertainment.ie,20
The Guard,Entertainment.ie,19
The Cabin In The Woods,Entertainment.ie,18
Mission: Impossible Fallout,Entertainment.ie,17
Whiplash,Entertainment.ie,16
Avengers: Endgame,Entertainment.ie,15
The Grand Budapest Hotel,Entertainment.ie,14
John Wick,Entertainment.ie,13
Shame,Entertainment.ie,12
Spotlight,Entertainment.ie,11
SpiderMan: Into The SpiderVerse,Entertainment.ie,10
Inception,Entertainment.ie,9
Lady Bird,Entertainment.ie,8
Ad Astra,Entertainment.ie,7
Moonlight,Entertainment.ie,6
The Death of Stalin,Entertainment.ie,5
The Social Network,Entertainment.ie,4
Mad Max: Fury Road,Entertainment.ie,3
Get Out,Entertainment.ie,2
Boyhood,Entertainment.ie,1
Moonlight,Independent,1
Carol,Independent,2
Get Out,Independent,3
Phantom Thread,Independent,4
Inside Llewyn Davis,Independent,5
American Honey,Independent,6
Paddington 2,Independent,7
Mad Max: Fury Road,Independent,8
You Were Never Really Here,Independent,9
20th Century Women,Independent,10
Under The Skin,Independent,11
12 Years a Slave,Independent,12
The Grand Budapest Hotel,Independent,13
Lady Bird,Independent,14
Son of Saul,Independent,15
The Selfish Giant,Independent,16
Stoker,Independent,17
The Act of Killing: Director’s Cut,Independent,18
Roma,Independent,19
Black Swan,Independent,20
The Social Network,Independent,21
Anomalisa,Independent,22
Call Me By Your Name,Independent,23
Her,Independent,24
Dunkirk,Independent,25
Boy (2010),Independent,26
Selma,Independent,27
Melancholia,Independent,28
Hereditary,Independent,29
Boyhood,Independent,30
The Revenant,Independent,31
Frances Ha,Independent,32
A Quiet Passion,Independent,33
The Edge of Seventeen,Independent,34
Dogtooth,Independent,35
Shoplifters (Manbiki kazoku),Independent,36
Inside Out,Independent,37
The Irishman,Independent,38
The Master,Independent,39
Once Upon a Time in Hollywood (2019),Independent,40
Mad Max: Fury Road,CNET,1
SpiderMan: Into the SpiderVerse,CNET,2
Boyhood,CNET,3
Get Out,CNET,4
Lady Bird,CNET,5
The Favourite,CNET,6
Roma,CNET,7
Black Panther,CNET,8
Ex Machina,CNET,9
The Master,CNET,10
Her,CNET,11
Moonlight,CNET,12
The Social Network,CNET,13
Drive,CNET,14
The Shape of Water,CNET,15
Avengers: Infinity War,CNET,16
Inception,CNET,17
Birdman,CNET,18
Spotlight,CNET,19
Toy Story,CNET,20
Hereditary,CNET,21
What We Do In The Shadows,CNET,22
Years a Slave,CNET,23
Whiplash,CNET,24
Annihilation,CNET,25
Call Me By Your Name,CNET,26
The Witch,CNET,27
Hunt for the Wilderpeople,CNET,28
Star Wars: The Force Awakens,CNET,29
Wonder Woman,CNET,30
Inception,Looper,-1
Toy Story,Looper,-1
The Social Network,Looper,-1
Skyfall,Looper,-1
Gravity,Looper,-1
Her,Looper,-1
Inside Llewyn Davis,Looper,-1
Selma,Looper,-1
The Grand Budapest Hotel,Looper,-1
Boyhood,Looper,-1
Inside Out,Looper,-1
Mad Max: Fury Road,Looper,-1
Midnight Special,Looper,-1
Moonlight,Looper,-1
Lady Bird,Looper,-1
Get Out,Looper,-1
The Shape of Water,Looper,-1
Black Panther,Looper,-1
A Quiet Place,Looper,-1
SpiderMan: Into the SpiderVerse,Looper,-1
BlacKkKlansman,Looper,-1
Us,Looper,-1
Avengers: Endgame,Looper,-1
Parasite,Looper,-1
Into The Spiderverse,The Ringer,10
O.J.: Made In America,The Ringer,9
Mad Max: Fury Road,The Ringer,8
Frances Ha,The Ringer,7
Get Out,The Ringer,6
Once Upon a Time in Hollywood (2019),The Ringer,5
Whiplash,The Ringer,4
Inside Llewyn Davis,The Ringer,3
The Master,The Ringer,2
The Social Network,The Ringer,1
Mad Max: Fury Road,Columbus Underground,1
Toy Story,Columbus Underground,2
12 Years a Slave,Columbus Underground,3
Take Shelter,Columbus Underground,4
The Tree of Life,Columbus Underground,5
The Master,Columbus Underground,6
Selma,Columbus Underground,7
Moonlight,Columbus Underground,8
The Act of Killing: Director’s Cut,Columbus Underground,9
Cave of Forgotten Dreams,Columbus Underground,10
Drive,Columbus Underground,11
The Revenant,Columbus Underground,12
Boyhood,Columbus Underground,13
Roma,Columbus Underground,14
Toy Story,Columbus Underground,15
The Witch,Columbus Underground,16
You Were Never Really Here,Columbus Underground,17
Get Out,Columbus Underground,18
Parasite,Columbus Underground,19
The Irishman,Columbus Underground,20
Django Unchained,Columbus Underground,21
Dunkirk,Columbus Underground,22
Black Panther,Columbus Underground,23
The Babadook,Columbus Underground,24
Young Adult,Columbus Underground,25
Kick Ass,NME,20
Rogue One: A Star Wars Story,NME,19
Insidious,NME,18
The Babadook,NME,17
Guardians of the Galaxy,NME,16
Hereditary,NME,15
Joker,NME,14
Baby Driver,NME,13
A Quiet Place,NME,12
Whiplash,NME,11
Lady Bird,NME,10
Deadpool,NME,9
The Grand Budapest Hotel,NME,8
Inception,NME,7
Django Unchained,NME,6
Moonlight,NME,5
Avengers: Endgame,NME,4
Mad Max: Fury Road,NME,3
Call Me By Your Name,NME,2
Get Out,NME,1
Tree of Life,AP,1
Phantom Thread,AP,2
Margaret,AP,3
Lady Bird,AP,4
Moonlight,AP,5
Somewhere,AP,6
Cold War,AP,7
Certified Copy,AP,8
Inside Llewyn Davis,AP,9
Grand Budapest Hotel,AP,10
The Social Network,Town and Country Mag,-1
Margaret,Town and Country Mag,-1
Bridesmaids,Town and Country Mag,-1
The Wolf of Wall Street,Town and Country Mag,-1
The Kings Speech,Town and Country Mag,-1
Years a Slave,Town and Country Mag,-1
The Grand Budapest Hotel,Town and Country Mag,-1
Boyhood,Town and Country Mag,-1
Carol,Town and Country Mag,-1
Moonlight,Town and Country Mag,-1
La La Land,Town and Country Mag,-1
Get out,Town and Country Mag,-1
Lady Bird,Town and Country Mag,-1
Roma,Town and Country Mag,-1
The Favourite,Town and Country Mag,-1
Lady Bird,National Post,-1
Of Gods and Men,National Post,-1
The Secret in Their Eyes,National Post,-1
Anthropocene: The Human Epoch,National Post,-1
Roma,National Post,-1
Boyhood,National Post,-1
Stories We Tell,National Post,-1
Paterson,National Post,-1
Arrival,National Post,-1
Her,National Post,-1
Moonlight,Now Toronto,1
The Disappearance of Eleanor Rigby,Now Toronto,2
Stories We Tell,Now Toronto,3
Parasite,Now Toronto,4
Roma,Now Toronto,5
Mad Max: Fury Road,Now Toronto,6
Silence,Now Toronto,7
The Act of Killing: Director’s Cut,Now Toronto,8
The Look of Silence,Now Toronto,8
The Selfish Giant,Now Toronto,9
Get Out,Now Toronto,10
Winters Bone,Spin,-1
Inception,Spin,-1
The Social Network,Spin,-1
Bridesmaids,Spin,-1
A Separation,Spin,-1
The Master,Spin,-1
Holy Motors,Spin,-1
The Queen of Versailles,Spin,-1
Spring Breakers,Spin,-1
Frances Ha,Spin,-1
Her,Spin,-1
Boyhood,Spin,-1
John Wick,Spin,-1
It Follows,Spin,-1
Mad Max: Fury Road,Spin,-1
Magic Mike XXL,Spin,-1
The Witch,Spin,-1
Hunt for the Wilderpeople,Spin,-1
Moonlight,Spin,-1
Popstar: Never Stop Never Stopping,Spin,-1
OJ: Made in America,Spin,-1
Toni Erdmann,Spin,-1
Personal Shopper,Spin,-1
Call Me by Your Name,Spin,-1
Get Out,Spin,-1
First Reformed,Spin,-1
Minding the Gap,Spin,-1
Annihilation,Spin,-1
Burning,Spin,-1
High Life,Spin,-1
Prisoners,IMDB User,1
The Grand Budapest Hotel,IMDB User,2
Interstellar,IMDB User,3
The Wolf of Wall Street,IMDB User,4
Mad Max: Fury Road,IMDB User,5
Your Name.,IMDB User,6
Manchester by the Sea,IMDB User,7
Inception,IMDB User,8
Toy Story 3,IMDB User,9
Paterson,IMDB User,10
The Social Network ,Reddit Users,1
Inception ,Reddit Users,2
Blade Runner 2049 ,Reddit Users,3
Whiplash ,Reddit Users,4
Mad Max: Fury Road,Reddit Users,5
Arrival,Reddit Users,6
The Grand Budapest Hotel,Reddit Users,7
Birdman,Reddit Users,8
Interstellar,Reddit Users,9
Moonlight,Reddit Users,10
Hereditary,Reddit Users,11
La La Land,Reddit Users,12
The Master,Reddit Users,13
Drive,Reddit Users,14
Inside Llewyn Davis,Reddit Users,15
Logan,Reddit Users,16
The Tree of Life,Reddit Users,17
Get Out,Reddit Users,18
Her,Reddit Users,19
Nightcrawler,Reddit Users,20
Prisoners,Reddit Users,21
The Wolf of Wall Street,Reddit Users,22
Black Swan,Reddit Users,23
Call Me By Your Name,Reddit Users,24
Ex Machina,Reddit Users,25
Gone Girl,Reddit Users,26
The Big Short,Reddit Users,27
Under the Skin,Reddit Users,28
Dunkirk,Reddit Users,29
Spotlight,Reddit Users,30
The Cabin in the Woods,Reddit Users,31
Avengers: Endgame,Reddit Users,32
Burning,Reddit Users,33
Django Unchained,Reddit Users,34
Hell or High Water,Reddit Users,35
Manchester by the Sea,Reddit Users,36
Phantom Thread,Reddit Users,37
Sicario,Reddit Users,38
Spider-Man: Into the Spider-Verse,Reddit Users,39
The Favourite,Reddit Users,40
The Wailing,Reddit Users,41
The Witch,Reddit Users,42
Inherent Vice,Reddit Users,43
Inside Out,Reddit Users,44
John Wick,Reddit Users,45
Me and Earl and the Dying Girl,Reddit Users,46
The Handmaiden,Reddit Users,47
The Revenant,Reddit Users,48
12 Years a Slave,Reddit Users,49
A Quiet Place,Reddit Users,50
A Separation,Reddit Users,51
Baby Driver,Reddit Users,52
Boyhood,Reddit Users,53
Coco,Reddit Users,54
Dawn of the Planet of the Apes,Reddit Users,55
Gravity,Reddit Users,56
It Follows,Reddit Users,57
Moneyball,Reddit Users,58
mother!,Reddit Users,59
The Hateful Eight,Reddit Users,60
The King s Speech,Reddit Users,61
What We Do in the Shadows,Reddit Users,62
No Home Movie,Hyperallergic,1
Moonlight,Hyperallergic,2
Zama,Hyperallergic,3
The Act of Killing: Director’s Cut,Hyperallergic,4
The Tree of Life,Hyperallergic,5
Get Out,Hyperallergic,6
Under the Skin,Hyperallergic,7
Cameraperson,Hyperallergic,8
Horse Money,Hyperallergic,9
Inherent Vice,Hyperallergic,10
Lemonade,Hyperallergic,11
Margeret,Hyperallergic,12
Holy Motors,Hyperallergic,13
Certified Copy,Hyperallergic,14
The Tale of the Princess Kaguya,Hyperallergic,15
Mad Max: Fury Road,Hyperallergic,16
HyperNormalisation,Hyperallergic,17
Parasite,Hyperallergic,18
High Life,Hyperallergic,19
Loves is the Message  the Message is Death,Hyperallergic,20
Citizenfour,Hyperallergic,21
Certain Women,Hyperallergic,22
The Grand Bizarre,Hyperallergic,23
On the Beach at Night Alone,Hyperallergic,24
Shirkers,Hyperallergic,25
Arrival,Irish Times,25
Upstream Colour,Irish Times,24
Holy Motors,Irish Times,23
Blue Is the Warmest Colour,Irish Times,22
You Were Never Really Here,Irish Times,21
Melancholia,Irish Times,20
Monos,Irish Times,19
Uncle Boonmee Who Can Recall His Past Lives,Irish Times,18
Lady Bird,Irish Times,17
Get Out,Irish Times,16
Climax,Irish Times,15
Ida,Irish Times,14
Parasite,Irish Times,13
Madelines Madeline,Irish Times,12
Birds of Passage,Irish Times,11
The Turin Horse,Irish Times,10
Tangerine,Irish Times,9
The Act of Killing,Irish Times,8
Beanpole,Irish Times,7
The Master,Irish Times,6
The Tribe,Irish Times,5
The Duke of Burgundy,Irish Times,4
Son of Saul,Irish Times,3
Under the Skin,Irish Times,2
Loveless,Irish Times,1
Madeline's Madeline,The Playlist,100
Private Life,The Playlist,99
Martha Marcy May Marlene,The Playlist,98
Meeks Cutoff,The Playlist,97
What We Do In The Shadows,The Playlist,96
mother!,The Playlist,95
The Wailing,The Playlist,94
Margaret,The Playlist,93
Inception,The Playlist,92
Zero Dark Thirty,The Playlist,91
Shame,The Playlist,90
The Hunt,The Playlist,89
Ida,The Playlist,88
The Lighthouse,The Playlist,87
Spotlight,The Playlist,86
No,The Playlist,85
Stranger By The Lake,The Playlist,84
Girlhood,The Playlist,83
Leviathan,The Playlist,82
Boyhood,The Playlist,81
Eden,The Playlist,80
Force Majeure,The Playlist,79
The Duke of Burgundy,The Playlist,78
The Immigrant,The Playlist,77
The Social Network,The Playlist,76
The Wolf of Wall Street,The Playlist,75
Zama,The Playlist,74
Weekend,The Playlist,73
White Material,The Playlist,72
Shoplifters,The Playlist,71
The Souvenir,The Playlist,70
Suspiria,The Playlist,69
Tangerine,The Playlist,68
Upstream Color,The Playlist,67
OJ: Made in America,The Playlist,66
Blue Valentine,The Playlist,65
Portrait Of A Lady On Fire,The Playlist,64
Tabu,The Playlist,63
Uncle Boonmee Who Can Recall His Past Lives,The Playlist,62
A Ghost Story,The Playlist,61
Call Me By Your Name,The Playlist,60
Once Upon A Time In Anatolia,The Playlist,59
Phoenix,The Playlist,58
Her,The Playlist,57
The Rider,The Playlist,56
The Grand Budapest Hotel,The Playlist,55
Selma,The Playlist,54
Roma,The Playlist,53
Columbus,The Playlist,52
Elle,The Playlist,51
Foxcatcher,The Playlist,50
Killing Them Softly,The Playlist,49
Enemy,The Playlist,48
The Florida Project,The Playlist,47
Good Time,The Playlist,46
Wildlife,The Playlist,45
Before Midnight,The Playlist,44
12 Years a Slave,The Playlist,43
Amour,The Playlist,42
Annihilation,The Playlist,41
The Assassin,The Playlist,40
The Handmaiden,The Playlist,39
Two Days One Night,The Playlist,38
Certified Copy,The Playlist,37
Holy Motors,The Playlist,36
If Beale Street Could Talk,The Playlist,35
Parasite,The Playlist,34
American Honey,The Playlist,33
First Man,The Playlist,32
High Life,The Playlist,31
Only Lovers Left Alive,The Playlist,30
Jackie,The Playlist,29
Frances Ha,The Playlist,28
The Lobster,The Playlist,27
Manchester by the Sea,The Playlist,26
Lil Quinquin,The Playlist,25
Pain and Glory,The Playlist,24
The Comedy,The Playlist,23
Stories We Tell,The Playlist,22
Arrival,The Playlist,21
Birds of Passage,The Playlist,20
45 Years,The Playlist,19
A Prophet,The Playlist,18
First Reformed,The Playlist,17
Phantom Thread,The Playlist,16
Mad Max: Fury Road,The Playlist,15
20th Century Women,The Playlist,14
Carol,The Playlist,13
You Were Never Really Here,The Playlist,12
Get Out,The Playlist,11
Toni Erdmann,The Playlist,10
Under the Skin,The Playlist,9
Dogtooth,The Playlist,8
Inside Llewyn Davis,The Playlist,7
Moonlight,The Playlist,6
Tree Of Life,The Playlist,5
The Master,The Playlist,4
The Act of Killing,The Playlist,3
A Separation,The Playlist,2
Burning,The Playlist,1